No,Unnamed: 0,Title,Ingredients,Instructions,Image_Name,Cleaned_Ingredients,__letter__
1,1606,"""Antipasto"" Pasta with Sausage, Artichoke Hearts, and Sun-Dried Tomatoes","['1 pound spaghetti or other long pasta', 'Kosher salt', '1/4 cup pine nuts (about 1.5 ounces)', '2 tablespoons extra-virgin olive oil', '4 ounces dry-cured sausage, quartered lengthwise, thinly sliced', '2 tablespoons tomato paste', '24 ounces marinated artichoke hearts, drained, cut into 1/2""-thick wedges if large', '3/4 cup thinly sliced drained oil-packed sun-dried tomatoes (about 2 ounces)', 'Freshly ground black pepper', '1/4 cup thinly sliced peperoncini']","Cook pasta in a large pot of boiling salted water, stirring occasionally, until al dente. Drain pasta, reserving 1 cup pasta cooking liquid; return pasta to pot.
Toast pine nuts in a small dry skillet over medium heat, stirring occasionally, until lightly browned, 3–5 minutes. Transfer to a small bowl.
Meanwhile, heat oil in a medium skillet over medium-high. Cook sausage and tomato paste, stirring, 1 minute. Stir in artichokes and sun-dried tomatoes and cook, stirring, until heated through, about 2 minutes. Remove from heat.
Add sausage mixture and 3/4 cup pasta cooking liquid to pot with pasta; season with 1/4 tsp. pepper. Toss to coat and add remaining 1/4 cup pasta cooking liquid, if needed, to loosen.
Divide pasta among plates. Season with pepper and top with peperoncini.",antipasto-pasta-with-sausage-artichoke-hearts-and-sun-dried-tomatoes,"['1 pound spaghetti or other long pasta', 'Kosher salt', '1/4 cup pine nuts (about 1.5 ounces)', '2 tablespoons extra-virgin olive oil', '4 ounces dry-cured sausage, quartered lengthwise, thinly sliced', '2 tablespoons tomato paste', '24 ounces marinated artichoke hearts, drained, cut into 1/2""-thick wedges if large', '3/4 cup thinly sliced drained oil-packed sun-dried tomatoes (about 2 ounces)', 'Freshly ground black pepper', '1/4 cup thinly sliced peperoncini']",A
2,3641,"""Bloody Mary"" Tomato Toast with Celery and Horseradish","['1 lemon, zested, juiced', '1/2 shallot, finely chopped', '1 pound grape tomatoes, halved', '2 tablespoons extra-virgin olive oil', '1 tablespoon Sherry vinegar', '1 teaspoon kosher salt', '1 teaspoon freshly ground black pepper', '1 teaspoon Worcestershire sauce', '1/4 teaspoon cayenne pepper', '5 tablespoons finely grated fresh horseradish, divided', '2 celery stalks, thinly sliced', '3 tablespoons coarsely chopped celery leaves', '6 tablespoons mayonnaise', '6 slices toasted rye bread']","Combine lemon zest, lemon juice, shallot, tomatoes, oil, vinegar, salt, black pepper, Worcestershire sauce, cayenne, and 1 Tbsp. horseradish in a large bowl. Let marinate 10 minutes, then stir in celery stalks and leaves.
Meanwhile, combine mayonnaise and remaining 4 Tbsp. horseradish in a small bowl. Spread 1 Tbsp. horseradish-mayonnaise on each slice of rye. Top toasts evenly with tomato mixture.",-bloody-mary-tomato-toast-with-celery-and-horseradish-56389813,"['1 lemon, zested, juiced', '1/2 shallot, finely chopped', '1 pound grape tomatoes, halved', '2 tablespoons extra-virgin olive oil', '1 tablespoon Sherry vinegar', '1 teaspoon kosher salt', '1 teaspoon freshly ground black pepper', '1 teaspoon Worcestershire sauce', '1/4 teaspoon cayenne pepper', '5 tablespoons finely grated fresh horseradish, divided', '2 celery stalks, thinly sliced', '3 tablespoons coarsely chopped celery leaves', '6 tablespoons mayonnaise', '6 slices toasted rye bread']",B
3,6679,"""Candy Corn"" Frozen Citrus Cream Pops","['2 (14-ounce) cans sweetened condensed milk', '1 teaspoon grated fresh lemon zest', '1/3 cup plus 2 tablespoons fresh lemon juice (from 2 juicy lemons), divided', ""36 drops yellow food coloring, divided (see Cooks' Notes)"", '1 teaspoon grated fresh orange zest', '1/4 cup fresh orange juice (from two small oranges)', ""9 drops red food coloring (see Cooks' Notes)"", '1 cup chilled heavy cream', 'Special equpment: 12 (3-ounce) frozen pop molds; 12 wooden frozen pop sticks, if using molds that require them']","Put one can of milk in each of 2 bowls, then whisk lemon zest, 1/3 cup lemon juice, and 18 drops yellow food coloring into one bowl.
Whisk orange zest, orange juice, 2 tablespoons lemon juice, and remaining 18 drops yellow and 9 drops red food coloring into second bowl.
Beat cream in another bowl with an electric mixer until it just holds stiff peaks, then gently fold half of cream into each condensed milk mixture.
Divide orange mixture among the molds, about 2 1/2 tablespoons per mold, then freeze until firm, at least 30 minutes.
Divide lemon mixture among molds, about 2 1/2 tablespoons per mold.
Place cover on molds and insert sticks, making sure they are straight (important for removing top when unmolding). Freeze until completely firm, at least 8 hours.
If using a multiple-pop mold, partially submerge up to 1/4 inch from top of mold in a large bowl or sink of room-temperature water for 30 seconds. Remove mold from water, then remove cover and pull out pops.
If using individual molds, run hot water over them for about 5 seconds, then let stand 30 seconds and remove cover.
In either case, serve immediately or wrap individually in plastic wrap and freeze until ready to serve.",-candy-corn-frozen-citrus-cream-pops-368770,"['2 (14-ounce) cans sweetened condensed milk', '1 teaspoon grated fresh lemon zest', '1/3 cup plus 2 tablespoons fresh lemon juice (from 2 juicy lemons), divided', '""36 drops yellow food coloring, divided (see Cooks Notes)"", 1 teaspoon grated fresh orange zest', '1/4 cup fresh orange juice (from two small oranges)', '""9 drops red food coloring (see Cooks Notes)"", 1 cup chilled heavy cream', 'Special equpment: 12 (3-ounce) frozen pop molds; 12 wooden frozen pop sticks', 'if using molds that require them']",C
4,3442,D.I.Y. Apple Mille-Feuille,"['1 package frozen puff pastry, thawed in refrigerator', 'All-purpose flour (for surface)', '1 large egg, beaten to blend', '2 tablespoons sugar, plus more for sprinkling', 'Nonstick vegetable oil spray', '3 Pink Lady apples, scrubbed, thinly sliced crosswise into 1/8"" rounds, seeds removed', '2 tablespoons apple cider vinegar', '2 teaspoons vanilla extract', 'Pinch of kosher salt', '1/3 cup pure maple syrup, plus more for serving', '3 tablespoons bourbon or applejack brandy, divided', '4 tablespoons unsalted butter, cut into pieces', '1 cup chilled heavy cream']","Preheat oven to 400°F. Roll out pastry on a lightly floured surface to flatten and smooth creases. Trim slightly to make clean, straight edges; cut into 16 squares or rectangles. Transfer to a parchment-lined rimmed baking sheet; brush with egg and sprinkle with sugar. Coat another sheet of parchment with nonstick spray and place, oil side down, on top of pastry; top with another rimmed baking sheet. Bake until pastry is deep golden brown and puffed, 20–25 minutes. Let cool.
Reduce oven temperature to 350°F. Toss apples, vinegar, vanilla, salt, 1/3 cup maple syrup, and 2 tablespoons bourbon in a shallow 3-quart baking dish; dot surface with butter. Cover tightly with foil and bake until apples soften and have released their juices, 30–35 minutes. Remove foil, baste apples with juices, and roast until apples are very tender and curled around the edges and a thin layer of juice covers the bottom of the dish, 20–25 minutes.
Just before serving, whisk cream and remaining 2 tablespoons sugar in a small bowl to medium peaks. Whisk in remaining 1 tablespoon bourbon.
Let guests assemble individual mille-feuille, topping pastry with apples, whipped cream, and a drizzle of maple syrup.
Apples can be baked 2 hours ahead. Let cool; store tightly wrapped at room temperature. Gently reheat before using.",d-i-y-apple-mille-feuille-56390112,"['1 package frozen puff pastry, thawed in refrigerator', 'All-purpose flour (for surface)', '1 large egg, beaten to blend', '2 tablespoons sugar, plus more for sprinkling', 'Nonstick vegetable oil spray', '3 Pink Lady apples, scrubbed, thinly sliced crosswise into 1/8"" rounds, seeds removed', '2 tablespoons apple cider vinegar', '2 teaspoons vanilla extract', 'Pinch of kosher salt', '1/3 cup pure maple syrup, plus more for serving', '3 tablespoons bourbon or applejack brandy, divided', '4 tablespoons unsalted butter, cut into pieces', '1 cup chilled heavy cream']",D
5,1770,"E.L.T. (Egg, Lettuce, and Tomato Sandwich)","['2 slices white sandwich bread', '1/4 cup Hellmann’s or Best Foods mayonnaise, divided', '2 thick ripe beefsteak tomato slices', 'Kosher salt, freshly ground pepper', '2 hard-boiled eggs, peeled, sliced crosswise', '3 leaves iceberg lettuce']","Spread both sides of bread slices all the way to the edges with the thinnest layer of mayonnaise possible. Heat a dry large skillet over medium-low; cook bread until golden, about 3 minutes per side. Transfer to a plate; let cool. Spread remaining mayonnaise over both slices of bread. Top a slice with tomatoes; season generously with salt and pepper. Arrange eggs over tomatoes; season. Top with lettuce, close sandwich, and cut in half.",elt-egg-lettuce-and-tomato-sandwich,"['2 slices white sandwich bread', '1/4 cup Hellmann’s or Best Foods mayonnaise, divided', '2 thick ripe beefsteak tomato slices', 'Kosher salt, freshly ground pepper', '2 hard-boiled eggs, peeled, sliced crosswise', '3 leaves iceberg lettuce']",E
7,4135,"5-Grain Porridge with Bee Pollen, Apples, and Coconut","['1/2 cup brown rice', '1/2 cup quinoa', '1/4 cup amaranth', '1/4 cup millet', '1/4 cup wheat bran', '1/2 teaspoon kosher salt', '1 tablespoon virgin coconut oil', '1/4 cup unsweetened coconut flakes', '1 large sweet-tart apple (such as Pink Lady), cut into 1/4"" pieces', '1/4 teaspoon ground cinnamon', '2 tablespoons honey, plus more', 'Flaky sea salt (such as Maldon) and bee pollen (for serving)', 'Bee pollen is available at health food stores, some grocery stores, and online.']","Bring brown rice, quinoa, amaranth, millet, wheat bran, salt, and 6 cups water to a boil in a medium pot. Reduce heat, partially cover, and simmer, stirring occasionally, until cereal is the consistency of porridge (softer and thicker than the usual bowl of oatmeal) and water is absorbed, 40–50 minutes.
Do ahead: Porridge can be made 5 days ahead. Let cool; cover and chill. Assembly Heat coconut oil in a medium skillet over medium-high. Cook coconut flakes, stirring often, until toasted, 2 minutes; transfer to a plate.
Add apple, cinnamon, and 2 tablespoons honey to skillet and cook, stirring occasionally, until apples are browned in spots and tender, about 3 minutes. Serve porridge topped with apples, coconut, sea salt, bee pollen, and a drizzle of honey, if you like.",5-grain-porridge-with-bee-pollen-apples-and-coconut-51260260,"['1/2 cup brown rice', '1/2 cup quinoa', '1/4 cup amaranth', '1/4 cup millet', '1/4 cup wheat bran', '1/2 teaspoon kosher salt', '1 tablespoon virgin coconut oil', '1/4 cup unsweetened coconut flakes', '1 large sweet-tart apple (such as Pink Lady), cut into 1/4"" pieces', '1/4 teaspoon ground cinnamon', '2 tablespoons honey, plus more', 'Flaky sea salt (such as Maldon) and bee pollen (for serving)', 'Bee pollen is available at health food stores', 'some grocery stores', 'and online.']",G
8,177,Habanero BBQ Shrimp,"['1 cup apricot preserves', 'Juice of 2 limes, plus wedges for serving', '1 habanero pepper, seeded and small diced', '2 tablespoons soy sauce', '2 small garlic cloves, finely grated', '1 teaspoon grated fresh ginger', '2 pounds extra-large shrimp, peeled and deveined', 'Vegetable oil, for brushing']","In a small bowl, mix together the apricot preserves, lime juice, habanero, soy sauce, garlic, and ginger. Transfer half the sauce to a large zip-top bag and add the shrimp. Seal the bag and refrigerate for 10 minutes.
Heat a grill to high or heat a large grill pan over high heat. Brush the grates or the pan with oil. Soak bamboo skewers in water and a wedge lime.
Thread 5 shrimp onto a bamboo or metal skewer (discard the sauce in the bag) and grill until charred on both sides, 4 to 5 minutes. Do not overcook, please.
Serve with the remaining sauce on the side for dipping and lime wedges.",habanero-bbq-shrimp-son-of-a-southern-chef,"['1 cup apricot preserves', 'Juice of 2 limes, plus wedges for serving', '1 habanero pepper, seeded and small diced', '2 tablespoons soy sauce', '2 small garlic cloves, finely grated', '1 teaspoon grated fresh ginger', '2 pounds extra-large shrimp, peeled and deveined', 'Vegetable oil', 'for brushing']",H
9,2636,3-Ingredient Blueberry Champagne Granita,"['1 cup sugar', '1 (10-ounce) bag frozen blueberries', '1 (750-ml) bottle sparkling wine']","Bring sugar, 1 cup blueberries, and 1 cup water to a boil in a small saucepan; cook, stirring, until sugar dissolves, about 5 minutes. Transfer blueberry syrup to a medium bowl set inside an ice bath and let cool.
Purée syrup and remaining blueberries in a food processor until smooth. Strain mixture through a fine-mesh sieve into a 13x9"" (or other 3-qt.) freezer-safe baking dish, pressing on solids to extract as much juice as possible; discard solids.
Pour sparkling wine into baking dish and stir to combine. Freeze mixture until just beginning to crystallize, about 2 hours. Scrape with a fork, then continue to freeze, scraping every hour, until texture is similar to shaved ice, 3–4 hours more. Cover with plastic wrap and keep frozen until ready to serve.
Granita can be made 5 days ahead; keep frozen.",3-ingredient-blueberry-champagne-granita,"['1 cup sugar', '1 (10-ounce) bag frozen blueberries', '1 (750-ml) bottle sparkling wine']",I
10,9737,Jack-O'-Lantern,"['2 tablespoons shortening', '2 tablespoons flour', '1 recipe Chocolate Cake Batter', '1 recipe Creamy White Frosting', 'Green gel or paste food color', 'Orange gel or paste food color', '1 small waffle ice cream cone', '4 ounces (1/2 cup) black fondant', 'Black decorating sugar, for sprinkling', 'Two 6-inch half-sphere cake pans (such as Wilton Sports Ball set) or two 1 1/2-quart', 'ovenproof bowls', 'Waxed or parchment paper', 'Toothpicks', 'Wire cooling racks', 'Glass measuring cup', 'Small offset spatula', 'Cake plate or 4-inch round cardboard base (optional)', 'Plastic straw', '2 decorating bags, #70 leaf tip, and #5 round tip', 'Rolling pin', 'Small, sharp knife', 'Small plate', 'Compote or shallow bowl, for serving']","1. Preheat the oven to 350°F. Lightly grease the bottom of each cake pan, then line it with waxed paper or parchment paper and lightly grease and flour the bottom and sides. Divide the batter between the pans and bake the cakes until a toothpick inserted in the center comes out clean, 30 minutes. Cool the cakes completely in the pans on cooling racks and then turn them out onto the racks.
2. While the cakes are cooling, transfer 1 cup of the frosting to a glass measuring cup. Tint it green (see Decorating Tips). Tint the remaining frosting orange.
3. Using an offset spatula, spread a thin layer of the orange frosting over the flat surface of 1 cake. Invert the second cake on top of the first, joining the flat surfaces of both domes together. Transfer the assembled cake to the cardboard base, if using, or a cake plate. Cover the cake completely with the rest of the orange frosting.
4. To make rib indentations as shown in the photo, hold a plastic straw against the cake, curving it from bottom to top. Lift it off, reposition it, and press again. Repeat all around the cake. (Gently incise the ribs with a skewer if you don't have a straw.)
5. For the stem, invert the ice cream cone and, using a clean spatula, cover it with the green frosting; add more frosting at the top to give the stem a curved tip. Place the stem on the top of the cake.
6. Fit a decorating bag with a coupler and the leaf tip; add 1 cup of the green frosting to the bag. Referring to the photo, pipe several leaves around the base of the stem. Hold the bag at an angle next to the stem. Squeeze out some frosting, allowing it to fan into a wide base, then decrease the pressure and slowly pull the tip away, lifting slightly, to form a point.
7. Remove the leaf tip and replace with the round tip. Pipe tendrils around the stem and leaves. Place the tip where you want the tendril to begin. Using even pressure, squeeze out some frosting and move the tip to draw the tendril. Release the pressure and lift the tip when the tendril is the desired length.
8. Using a rolling pin, roll the fondant to 1/8 inch thick. Referring to the photo and using a small, sharp knife, cut out the features. For the eyes, cut 2 triangles about 1 1/2 inches wide at the base and 1 1/2 inches tall at the center. For the nose, cut another triangle a little smaller than the eyes. Cut the smile to be about 4 inches from tip to tip. You can draw a paper pattern first if you like.
9. Spread the black sugar on a small plate (large enough to hold the smile) using the back of the spoon. Press each cutout into the sugar and then invert the coated cutout onto the pumpkin to form the face, pressing it into the frosting. Transfer the cake to the serving dish if you have not already done so.",jack-o-lantern-350068,"['2 tablespoons shortening', '2 tablespoons flour', '1 recipe Chocolate Cake Batter', '1 recipe Creamy White Frosting', 'Green gel or paste food color', 'Orange gel or paste food color', '1 small waffle ice cream cone', '4 ounces (1/2 cup) black fondant', 'Black decorating sugar, for sprinkling', 'Two 6-inch half-sphere cake pans (such as Wilton Sports Ball set) or two 1 1/2-quart', 'ovenproof bowls', 'Waxed or parchment paper', 'Toothpicks', 'Wire cooling racks', 'Glass measuring cup', 'Small offset spatula', 'Cake plate or 4-inch round cardboard base (optional)', 'Plastic straw', '2 decorating bags, #70 leaf tip, and #5 round tip', 'Rolling pin', 'Small, sharp knife', 'Small plate', 'Compote or shallow bowl', 'for serving']",J
11,6746,Kabocha Purée with Ginger,"['1 2 - 2 1/2-pound kabocha squash, halved, seeded', 'Kosher salt and freshly ground black pepper', '1 6"" piece of ginger, peeled, thinly sliced', '1 tablespoon (packed) light brown sugar', '1 1/2 cups (or more) heavy cream', 'Cheesecloth']","Preheat oven to 375°F. Line a rimmed baking sheet with parchment or foil. Season inside of squash with salt and pepper. Place squash, cut side down, on prepared sheet. Roast until tender, 1-1 1/4 hours. Let cool slightly.
Line a strainer with a double layer of cheesecloth; set over a small bowl. Pulse ginger in a food processor until finely chopped. Transfer to prepared strainer. Gather edges of cloth together; squeeze tightly to release ginger juice into bowl.
Scoop squash flesh into a food processor. Add sugar and 1 tablespoon ginger juice. With machine running, gradually add 1 1/2 cups cream and purée until smooth, adding more cream by tablespoonfuls if too thick. Season with salt, pepper, and more ginger juice, if desired. Gently warm in a saucepan, stirring constantly, until heated through. DO AHEAD: Can be made 1 day ahead. Gently rewarm purée in a saucepan, adding a little more cream if necessary.",kabocha-puree-with-ginger-368294,"['1 2 - 2 1/2-pound kabocha squash, halved, seeded', 'Kosher salt and freshly ground black pepper', '1 6"" piece of ginger, peeled, thinly sliced', '1 tablespoon (packed) light brown sugar', '1 1/2 cups (or more) heavy cream', 'Cheesecloth']",K
12,11544,"""Like a Caesar""","['3 tablespoons Meyer lemon juice', '2 tablespoons water', '2 large egg yolks', '1 cup grapeseed oil', '3 garlic cloves, grated', '1/3 cup plus 1 tablespoon extra-virgin olive oil plus additional for brushing', '1/2 cup matchstick-size pieces Meyer lemon peel (yellow part only)', '4 anchovy fillets', '1 tablespoon Meyer lemon juice', '1/8 teaspoon dried crushed red pepper', '37 garlic cloves, peeled', '1 tablespoon milk', '8 baguette slices', '10 2 x 1/2-inch strips Meyer lemon peel (yellow part only)', '2 large boneless organic chicken breasts with skin and ribs (about 1 3/4 pounds total)', '4 heads of Little Gem lettuce or 4 hearts of romaine, halved lengthwise with core left intact']","Place lemon juice, 2 tablespoons water, and egg yolks in medium metal bowl. Whisk yolk mixture constantly over large saucepan of simmering water until thermometer inserted into mixture registers 160°F, about 3 minutes. Transfer yolk mixture to processor. With machine running, add oil in slow steady stream. Transfer mayonnaise to small bowl. Season to taste with salt and pepper. DO AHEAD: Mayonnaise can be made 2 days ahead. Cover and refrigerate.
Place grated garlic, 1/3 cup oil, and next 4 ingredients in heavy small saucepan. Cook over lowest possible heat until lemon peel is tender and caramelized, stirring occasionally, about 2 hours. DO AHEAD: Sauce can be made 2 days ahead. Cover and chill. Bring to room temperature before using.
Place 37 peeled garlic cloves in small saucepan. Cover with cold water by 1 inch. Bring to boil; drain. Repeat 5 times. Place garlic cloves and 1 tablespoon milk in blender and puree until smooth. Transfer to small bowl. DO AHEAD: Garlic puree can be made 1 day ahead. Cover and chill. Bring to room temperature before using.
Preheat broiler. Brush baguette slices with olive oil; sprinkle with salt and pepper. Broil until brown, about 1 minute per side. Cool. DO AHEAD: Croutons can be made 4 hours ahead. Let stand at room temperature.
Tuck two 2-inch strips Meyer lemon peel between chicken breast and tenderloin and 3 strips peel between skin and breast meat of each chicken breast. Place on plate, cover, and chill 2 hours.
Preheat oven to 350°F. Heat 1 tablespoon oil in large ovenproof skillet over medium-high heat. Sprinkle chicken with salt and pepper. Place in skillet, skin side down, and cook until skin is golden, about 10 minutes. Turn chicken over, place in oven, and roast until cooked through, about 15 minutes. Transfer to work surface and let rest 10 minutes.
Preheat broiler. Brush cut sides of lettuce with Meyer lemon mayonnaise. Sprinkle with salt and pepper. Place on rimmed baking sheet and broil until golden, about 1 minute. Slice chicken breasts crosswise into 1/2-inch-thick slices.
Place 2 lettuce halves on each of 4 plates. Divide chicken breast slices among plates. Spoon dollop of garlic puree next to chicken. Place 2 croutons on each plate. Drizzle with Anchovy-Lemon Sauce and serve.",-like-a-caesar-235836,"['3 tablespoons Meyer lemon juice', '2 tablespoons water', '2 large egg yolks', '1 cup grapeseed oil', '3 garlic cloves, grated', '1/3 cup plus 1 tablespoon extra-virgin olive oil plus additional for brushing', '1/2 cup matchstick-size pieces Meyer lemon peel (yellow part only)', '4 anchovy fillets', '1 tablespoon Meyer lemon juice', '1/8 teaspoon dried crushed red pepper', '37 garlic cloves, peeled', '1 tablespoon milk', '8 baguette slices', '10 2 x 1/2-inch strips Meyer lemon peel (yellow part only)', '2 large boneless organic chicken breasts with skin and ribs (about 1 3/4 pounds total)', '4 heads of Little Gem lettuce or 4 hearts of romaine', 'halved lengthwise with core left intact']",L
13,1736,10-Minute Chicken Flatbreads with Hummus and Yogurt,"['1 pound boneless, skinless chicken thighs or breasts, thinly sliced crosswise', '1 teaspoon ground cumin', '1 teaspoon kosher salt', '1/2 teaspoon freshly ground black pepper', '1 tablespoon olive oil, plus more for serving', '3 mini seedless cucumbers, sliced into 1/4"" coins (about 8 ounces)', '1 large tomato, cut into 1/2"" cubes (about 12 ounces)', '1 (10-ounce) container hummus', '1 cup plain unsweetened yogurt (either Greek or regular)', '1/4 cup parsley leaves (optional)', '4 pitas', 'Lemon wedges and flaky sea salt (for serving)']","Toss chicken with cumin, kosher salt, and pepper in a medium bowl. Heat 1 Tbsp. oil in a large skillet over high. Add chicken mixture and cook, stirring occasionally, until lightly browned and cooked through, about 5 minutes. Transfer to a serving bowl.
Meanwhile, heat broiler. Divide cucumbers and tomato among small serving bowls. Spoon hummus and yogurt into separate serving bowls. Broil pitas just until warmed, about 2 minutes.
Serve chicken, cucumbers, tomato, hummus, yogurt, and parsley, if using, with lemon wedges, sea salt, and more oil alongside so everyone can assemble their own flatbreads as desired.",10-minute-chicken-flatbreads-with-hummus-and-yogurt,"['1 pound boneless, skinless chicken thighs or breasts, thinly sliced crosswise', '1 teaspoon ground cumin', '1 teaspoon kosher salt', '1/2 teaspoon freshly ground black pepper', '1 tablespoon olive oil, plus more for serving', '3 mini seedless cucumbers, sliced into 1/4"" coins (about 8 ounces)', '1 large tomato, cut into 1/2"" cubes (about 12 ounces)', '1 (10-ounce) container hummus', '1 cup plain unsweetened yogurt (either Greek or regular)', '1/4 cup parsley leaves (optional)', '4 pitas', 'Lemon wedges and flaky sea salt (for serving)']",M
14,2296,"""Nextover"" Chicken Tacos with Quick Refried Beans","['4 cooked chicken thighs from Crispy Chicken and Potatoes With Cabbage Slaw or about 2 cups shredded chicken', '1 cup good-quality tomatillo salsa', '2 tablespoons vegetable oil', '1 garlic clove, pressed or finely chopped', '1 1/4 cups cooked or 1 (15-ounce) can low-sodium black beans, drained', '1/4 tsp. kosher salt', '4 corn tortillas', '1 avocado, sliced', '1/2 cup leftover slaw from Crispy Chicken and Potatoes With Cabbage Slaw, optional', 'Chopped cilantro, lime wedges, and hot sauce (for serving)']","Pull meat from chicken; discard skin. Warm chicken and salsa in a large skillet over medium-low heat until heated through.
Meanwhile, heat oil in a medium skillet over medium. Cook garlic, stirring occasionally, until softened, about 1 minute. Add beans, salt, and 1/2 cup water and cook, stirring and crushing beans with the back of a large spoon, until warmed through and creamy, about 3 minutes. Let sit until ready to use.
Working one at a time, warm tortillas with tongs directly over a gas burner, turning often, until lightly charred and puffed in spots, about 1 minute per side. (Alternatively, wrap tortillas in foil and heat in a 350°F oven until warmed through, or wrap in damp paper towels and microwave in 20-second bursts until warm.) Transfer to a plate and cover with a kitchen towel to keep warm.
Fill tortillas with chicken and top with avocado, slaw, and cilantro. Serve with lime wedges, hot sauce, and refried beans alongside.",nextover-chicken-tacos-with-quick-refried-beans,"['4 cooked chicken thighs from Crispy Chicken and Potatoes With Cabbage Slaw or about 2 cups shredded chicken', '1 cup good-quality tomatillo salsa', '2 tablespoons vegetable oil', '1 garlic clove, pressed or finely chopped', '1 1/4 cups cooked or 1 (15-ounce) can low-sodium black beans, drained', '1/4 tsp. kosher salt', '4 corn tortillas', '1 avocado, sliced', '1/2 cup leftover slaw from Crispy Chicken and Potatoes With Cabbage Slaw, optional', 'Chopped cilantro', 'lime wedges', 'and hot sauce (for serving)']",N
15,8563,Oat Crisps with Blueberries and Crème Fraîche,"['1 1/4 ounces (2 1/2 tablespoons) unsalted butter, melted', '1/4 cup firmly packed dark brown sugar', '2 tablespoons granulated sugar', '2 tablespoons dark corn syrup', '1 cup old-fashioned rolled oats', '2 pints blueberries (about 4 cups)', '1 cup crème fraîche']","Preheat the oven to 350°F. Line 2 baking sheets with parchment paper.
In a bowl, combine the butter, brown sugar, granulated sugar, and corn syrup and stir until blended. Stir in the oats, mixing well.
To form the crisps, drop the oats mixture by tablespoonfuls onto the prepared baking sheets, spacing them about 2 1/2 inches apart. Bake, rotating the baking sheets 180 degrees at the midway point, until golden brown and bubbly, about 15 minutes. Let cool for 5 minutes on the baking sheets. Then, using a metal spatula, transfer the crisps to a large flat plate to cool.
Divide the blueberries and crème fraîche among individual bowls and place 2 oat crisps alongside or on top of each serving.",oat-crisps-with-blueberries-and-creme-fraiche-354430,"['1 1/4 ounces (2 1/2 tablespoons) unsalted butter, melted', '1/4 cup firmly packed dark brown sugar', '2 tablespoons granulated sugar', '2 tablespoons dark corn syrup', '1 cup old-fashioned rolled oats', '2 pints blueberries (about 4 cups)', '1 cup crème fraîche']",O
16,8504,"""Pizza"" Sandwiches","['4 tablespoons extra-virgin olive oil plus additional for drizzling', '4 large garlic cloves, pressed', '2 6-ounce cans tomato paste', '2 teaspoons sugar', '1 teaspoon dried oregano', '1 teaspoon coarse kosher salt', '4 ciabatta rolls or other Italian bread rolls, split horizontally', '2 8-ounce balls mozzarella cheese, thinly sliced, drained on several layers of paper towels', '2 cups arugula or mixed greens (optional)']","Place 4 tablespoons oil and garlic in small saucepan. Stir over medium heat until garlic is golden, about 1 minute.
Remove pan from heat; stir in tomato paste. Stir in sugar, oregano, and 1 teaspoon coarse salt. Return pan to heat; cook until tomato spread is bubbling, 2 to 3 minutes. Remove from heat. Cool. DO AHEAD: Can be made 1 day ahead. Cover and chill.
Spread 1 teaspoon tomato spread on top and bottom halves of rolls. Divide cheese slices among bottom halves of rolls. Drizzle with oil; sprinkle with salt and pepper. Top with arugula, if using. Cover with roll tops. Cut sandwiches in half; wrap. DO AHEAD: Can be made 1 day ahead. Chill.",-pizza-sandwiches-354873,"['4 tablespoons extra-virgin olive oil plus additional for drizzling', '4 large garlic cloves, pressed', '2 6-ounce cans tomato paste', '2 teaspoons sugar', '1 teaspoon dried oregano', '1 teaspoon coarse kosher salt', '4 ciabatta rolls or other Italian bread rolls, split horizontally', '2 8-ounce balls mozzarella cheese, thinly sliced, drained on several layers of paper towels', '2 cups arugula or mixed greens (optional)']",P
17,7009,Qatayef,"['1 teaspoon sugar', '1/2 teaspoon active dry yeast', '1 1/4 cups warm water', '2 1/2 cups whole-wheat flour', '1/2 cup all-purpose flour', '1/8 teaspoon salt', 'Vegetable oil for frying', '1 cup chopped walnuts', '1 cup goat cheese', '2 tablespoons honey', '1 tablespoon orange-blossom water', '1 cup sugar', '1/4 cup water', '3/4 cup light corn syrup', '1/2 teaspoon ground cinnamon', '2 tablespoons orange-blossom water']","Stir the sugar and yeast into the warm water. Let sit for 10 minutes, until foamy. Combine the whole-wheat flour, all-purpose flour, and salt. Add the yeast mixture, mix well, and let sit in a warm place for 30 minutes.
Combine the walnuts, goat cheese, honey, and orange-blossom water.
Combine the sugar and water in a saucepan over medium heat, and heat, stirring, until the sugar is dissolved. Add the corn syrup and cinnamon and continue to cook, stirring, until thickened, 7 to 10 minutes. Remove from the heat and stir in the orange-blossom water.
Butter a large griddle, and set it over low heat. Fill a frying pan with 1 inch of oil, and set it over medium heat. Line plates with paper towels for draining the fried cakes.
Drop a small piece of bread into the oil; when it browns, the oil is ready for frying. Pour the batter onto the buttered griddle in 4- to 5-inch round cakes. When bubbles form in the tops of the cakes, transfer the cakes to a plate (do not flip them). Spread 1 1/2 tablespoons of the walnut-cheese filling on each cake, on the uncooked side. Fold the cake in half and press the edges together to seal.
Drop the cakes into the hot oil in the frying pan. Fry the cakes for 15 to 20 seconds, or until golden on one side, then flip them and cook until the other side is golden. Drain on paper towels.
Transfer the cakes to serving plates, and serve with the syrup.
Palestinian Coconut Qatayef Replace the goat cheese with unsweetened shredded coconut and the orange-blossom water with lemon juice.",qatayef-366170,"['1 teaspoon sugar', '1/2 teaspoon active dry yeast', '1 1/4 cups warm water', '2 1/2 cups whole-wheat flour', '1/2 cup all-purpose flour', '1/8 teaspoon salt', 'Vegetable oil for frying', '1 cup chopped walnuts', '1 cup goat cheese', '2 tablespoons honey', '1 tablespoon orange-blossom water', '1 cup sugar', '1/4 cup water', '3/4 cup light corn syrup', '1/2 teaspoon ground cinnamon', '2 tablespoons orange-blossom water']",Q
18,25,R-Rated Onions,"['4–5 large or 6–8 medium yellow or white onions', '1 Tbsp olive or vegetable oil', '1 tsp kosher salt']","Peel your onions and cut them in half through their stem ends—longways, if you will. Slice them thinly with the grain, following the line from root to stem rather than cutting the onion across its belly. This is actually important because slicing it the other way makes the path to silky onions a longer one.
Once your onions are sliced, heat your skillet over medium-high heat and add the oil, then the onions and the salt. Let the onions sizzle for a couple minutes. Stir with a wooden spoon or a heatproof spatula and watch as they wilt for about 3 more minutes. At this point, reduce the heat to medium low. Put a lid on and step away for a few minutes. Give the onions a stir every now and then. You don’t have to stand over it like risotto, but don’t go for a walk around the block either. Caramelized bits will accumulate at the bottom and sides of the pan, and that’s good. Just scrape them up and stir them in. A little color building as you go is okay, but don’t rush to brown them. The point is to cook the onions gently, coaxing them through stages of raw, wilted, sweaty, soft, light brown, and finally deeply caramelized
About 45 minutes in, remove the lid for the last time. They should be a light caramel color. Now, with the lid off, you will need to watch more closely and stir more frequently. At some point you may find that despite your best efforts some of the caramelized bits, verging on burnt, cling to the pan and threaten over all onion ruin. Do not fret! Just add a ½ cup or so of water and use its energy to help scrape up the stubborn but tasty film. Let the water cook out of course. When you’re smiling over a soft, creamy, fragrant pile of mahogany onions, you’re done.
Note: R-Rated Onions will keep in the fridge for a week and in the freezer for 3 months.",r-rated-caramelized-onions-vivian-howard,"['4–5 large or 6–8 medium yellow or white onions', '1 Tbsp olive or vegetable oil', '1 tsp kosher salt']",R
19,3060,"""Seder Plate"" Salad","['1/2 cup walnuts', '1/4 cup neutral vegetable oil, such as grapeseed, divided', '4 ounces lamb sausage in casing, sliced into 1/4""-thick coins', '1 tablespoon plus 1 teaspoon prepared horseradish', '2 tablespoons fresh lemon juice', '2 teaspoons honey', '1/4 teaspoon (or more) kosher salt', '1/8 teaspoon (or more) freshly ground black pepper', '1/2 cup flat-leaf parsley leaves, divided', '1 romaine heart (about 8 ounces), coarsely chopped', '1/2 medium apple, such as Honeycrisp, Gala, or Fuji, thinly sliced', '2 hard-boiled eggs, quartered']","Preheat oven to 350°F. Toast walnuts on a rimmed baking sheet, tossing once, until golden brown, 8–10 minutes. Let cool; coarsely chop.
Heat 1 Tbsp. oil in a medium skillet over medium-high. Cook sausage, turning occasionally, until browned on both sides, 3–5 minutes. Transfer to a plate.Meanwhile, whisk horseradish, lemon juice, honey, 1/4 tsp. salt, and 1/8 tsp. pepper in a medium bowl. Slowly whisk in remaining 3 Tbsp. oil in a steady stream. Coarsely chop 2 Tbsp. parsley and stir into dressing.Toss romaine, apple, sausage, and remaining parsley in a large serving bowl. Add two-thirds of the dressing and toss to coat; season with salt and pepper if necessary. Top with walnuts and eggs; drizzle with remaining dressing.
Dressing, without parsley, can be made 3 days ahead. Cover and chill.",seder-plate-salad,"['1/2 cup walnuts', '1/4 cup neutral vegetable oil, such as grapeseed, divided', '4 ounces lamb sausage in casing, sliced into 1/4""-thick coins', '1 tablespoon plus 1 teaspoon prepared horseradish', '2 tablespoons fresh lemon juice', '2 teaspoons honey', '1/4 teaspoon (or more) kosher salt', '1/8 teaspoon (or more) freshly ground black pepper', '1/2 cup flat-leaf parsley leaves, divided', '1 romaine heart (about 8 ounces), coarsely chopped', '1/2 medium apple, such as Honeycrisp, Gala, or Fuji, thinly sliced', '2 hard-boiled eggs', 'quartered']",S
20,4137,"""Tandoori"" Carrots with Vadouvan Spice and Yogurt","['2 tablespoons vadouvan', '2 garlic cloves, finely grated, divided', '1/2 cup plain whole-milk Greek yogurt, divided', '5 tablespoons olive oil, divided', 'Kosher salt, freshly ground pepper', 'freshly ground pepper', '1 pound small carrots, tops trimmed, scrubbed', '1/4 teaspoon ground turmeric', '2 tablespoons fresh lemon juice', 'Very coarsely chopped cilantro leaves with tender stems and lemon wedges (for serving)']","Preheat oven to 425°. Mix vadouvan, half of garlic, 1/4 cup yogurt, and 3 tablespoons oil in a large bowl until smooth; season with salt and pepper. Add carrots and toss to coat. Roast on a rimmed baking sheet in a single layer, turning occasionally, until tender and lightly charred in spots, 25-30 minutes.
Meanwhile, heat turmeric and remaining 2 tablespoons oil in a small skillet over medium-low, swirling skillet, until fragrant, about 2 minutes. Remove from heat.
Whisk lemon juice, remaining garlic, and remaining . cup yogurt in a small bowl; season with salt and pepper.
Place carrots (along with crunchy bits on baking sheet) on a platter. Drizzle with yogurt mixture and turmeric oil and top with cilantro. Serve with lemon wedges.",tandoori-carrots-with-vadouvan-spice-and-yogurt-51260280,"['2 tablespoons vadouvan', '2 garlic cloves, finely grated, divided', '1/2 cup plain whole-milk Greek yogurt, divided', '5 tablespoons olive oil, divided', 'Kosher salt, freshly ground pepper', 'freshly ground pepper', '1 pound small carrots, tops trimmed, scrubbed', '1/4 teaspoon ground turmeric', '2 tablespoons fresh lemon juice', 'Very coarsely chopped cilantro leaves with tender stems and lemon wedges (for serving)']",T
21,1527,Ube (Purple Yam) Candies,"['12 ounces purple- or orange-fleshed sweet potatoes (about 2 medium)', '7 ounces sweetened condensed milk', '1/2 cup nonfat instant dry milk', '1/2 teaspoon finely grated lime zest', 'Pinch of kosher salt', '2 tablespoons sugar, plus more', 'A potato ricer or food mill']","Preheat oven to 350°F. Roast sweet potatoes on a rimmed baking sheet until tender, 40–50 minutes. Let cool. Halve lengthwise and scoop flesh from skins; discard skins. Press flesh through ricer into a bowl (you should have 1 packed cup).
Cook sweet potato and condensed milk in a medium nonstick saucepan or skillet over medium heat, stirring often, until thickened and jammy, 6–8 minutes. Stir in powdered milk, lime zest, salt, and 2 Tbsp. sugar. Cook, stirring often, until slightly shiny, about 3 minutes. Transfer to a small bowl; cover with plastic wrap, pressing directly onto surface. Let cool.
Turn out ube mixture onto a work surface and roll into 1/2""-thick logs. Sprinkle sugar over surface; roll logs in sugar until generously coated. Cut into 1 1/2"" pieces.
Candies can be made 2 weeks ahead. Wrap tightly and chill.",ube-purple-yam-sweet-potato-candies,"['12 ounces purple- or orange-fleshed sweet potatoes (about 2 medium)', '7 ounces sweetened condensed milk', '1/2 cup nonfat instant dry milk', '1/2 teaspoon finely grated lime zest', 'Pinch of kosher salt', '2 tablespoons sugar, plus more', 'A potato ricer or food mill']",U
22,3195,Vadouvan Carrot Yogurt,"['3 tablespoons olive oil, divided', '1 bunch small carrots (about 8 ounces), peeled, sliced crosswise into 1/4-inch pieces', 'Kosher salt, freshly ground pepper', '1 tablespoon plus 1 teaspoon vadouvan', '2 garlic cloves, thinly sliced', '1 1/2 cups low-fat plain Greek yogurt', '2 tablespoons fresh lime juice', 'Toast or crispbread–style crackers (for serving)']","Heat 2 Tbsp. oil in a large skillet over medium-high. Add carrots, season with salt and pepper, and cook, tossing occasionally, until carrots are tender and beginning to brown around edges, 12–15 minutes. Add 1 Tbsp. vadouvan and garlic and cook, tossing often and reducing heat if needed, until very fragrant, about 2 minutes. Let cool slightly, then transfer to a food processor or blender. Add yogurt and lime juice; purée until smooth.
Heat remaining 1 Tbsp. oil and 1 tsp. vadouvan in a small skillet until spices are sizzling and very fragrant, about 2 minutes.
Divide yogurt among bowls and drizzle with spice oil. Serve with toast for dipping.
Yogurt and spice oil can be made 3 days ahead. Cover and chill yogurt; store spice oil tightly covered at room temperature.",vadouvan-carrot-yogurt,"['3 tablespoons olive oil, divided', '1 bunch small carrots (about 8 ounces), peeled, sliced crosswise into 1/4-inch pieces', 'Kosher salt, freshly ground pepper', '1 tablespoon plus 1 teaspoon vadouvan', '2 garlic cloves, thinly sliced', '1 1/2 cups low-fat plain Greek yogurt', '2 tablespoons fresh lime juice', 'Toast or crispbread–style crackers (for serving)']",V
23,12078,"101 ""Whaler"" Fish Sandwich","['1 cup whole milk', '2 eggs', '1 1/2 cups flour', '1/4 cup yellow cornmeal', '2 tablespoons chopped parsley', '4 flounder fillets', 'Salt and pepper to taste', '3 tablespoons canola oil', '4 sesame-seed hamburger buns', '4 leaves romaine lettuce', '1/2 tomato, sliced', '4 slices mild cheese, such as mild cheddar (optional)', '1/2 cup mayonnaise', '2 tablespoons pickle relish', '1 tablespoon lemon juice', '1 dash Tabasco sauce']","1. In a medium-size bowl, whisk together the milk and eggs. In another medium-size bowl, mix together the flour, cornmeal, and parsley.
2. Season the fish with the salt and pepper.
3. Dredge the fish through the egg mixture, then coat it thoroughly with the flour mixture.
4. In a large sauté pan, immediately heat the oil over medium-high heat. When it is hot but not smoking, add the fillets to the pan. Cook on one side until the batter is light golden brown, about 4 minutes. Carefully turn the fillets and cook for 2 to 3 minutes more. Using a slotted spatula, remove them from the pan and drain on paper towels.
5. Meanwhile, whisk together the tartar-sauce ingredients (if using).
6. Slice the buns and spread the tartar sauce (if using) on the insides. Place a fillet on each bottom bun, then top with the lettuce, tomato, and cheese, if desired.",101-whaler-fish-sandwich-239757,"['1 cup whole milk', '2 eggs', '1 1/2 cups flour', '1/4 cup yellow cornmeal', '2 tablespoons chopped parsley', '4 flounder fillets', 'Salt and pepper to taste', '3 tablespoons canola oil', '4 sesame-seed hamburger buns', '4 leaves romaine lettuce', '1/2 tomato, sliced', '4 slices mild cheese, such as mild cheddar (optional)', '1/2 cup mayonnaise', '2 tablespoons pickle relish', '1 tablespoon lemon juice', '1 dash Tabasco sauce']",W
24,6327,XOCO Churros with Mexican Hot Chocolate,"['1 cup sugar', '1 teaspoon ground cinnamon', '5 cups milk or water', '10 ounces Mexican chocolate, such as Ibarra, coarsely chopped', '2 tablespoons unsalted butter', '2 tablespoons sugar', '1 1/2 teaspoons kosher salt', '1 cup plus 2 tablespoons all-purpose flour, sifted', '2 large eggs', '1 to 2 quarts vegetable oil, for frying', 'Blender or handheld immersion blender, pastry bag fitted with 1/2-inch star tip, deep-fat thermometer']","In a small bowl, whisk together the sugar and cinnamon. DO AHEAD: The cinnamon sugar can be made ahead and stored, in an airtight container at room temperature, up to 1 month.
In a heavy 2-quart saucepan over moderate heat, combine the milk or water and the chocolate. Heat, stirring occasionally, until the chocolate is almost completely dissolved (there will still be small pieces of chocolate) and the mixture is steaming. Transfer to a blender or use a handheld immersion blender and process until the mixture is foamy and fully emulsified, about 30 seconds (use caution when blending hot liquids). Return the hot chocolate to the saucepan. When ready to serve, place over low heat, stirring occasionally, until warm.
In a medium pot over moderate heat, whisk together the butter, sugar, salt, and 1 1/4 cups water. Bring to a simmer, stirring to melt the butter. Remove the pot from the heat and add the flour, stirring vigorously to fully incorporate it into the liquid. Return the pot to moderate heat and cook the mixture, stirring constantly, until the dough is smooth and sticky, about 1 minute. Turn off the heat and remove the pot from the burner; cover with a lid or plastic wrap, and let rest for 15 minutes.
Following the 15-minute resting period, add the eggs, 1 at a time, stirring with a wooden spoon until completely incorporated after each addition. Spoon the dough into a pastry bag fitted with a 1/2-inch star tip.
Line a large baking sheet with several layers of paper towels and place the cinnamon sugar in a small shallow bowl.
In a heavy large pot, heat 3 inches of oil until a deep-fat thermometer registers 375°F. Working in batches (about 6 churros per batch), hold the pastry bag just above the surface of the hot oil and carefully and gently pipe 4-inch ribbons of dough directly into the oil, using a paring knife to cut the batter at the end of the star tip if necessary. Fry the churros, turning occasionally, until golden brown and cooked in the center, about 2 minutes per batch. Transfer as done to the paper-towel-lined baking sheet and return the oil to 375°F between batches. Toss the churros in cinnamon sugar and serve warm with the Mexican hot chocolate.",xoco-churros-with-mexican-hot-chocolate-395109,"['1 cup sugar', '1 teaspoon ground cinnamon', '5 cups milk or water', '10 ounces Mexican chocolate, such as Ibarra, coarsely chopped', '2 tablespoons unsalted butter', '2 tablespoons sugar', '1 1/2 teaspoons kosher salt', '1 cup plus 2 tablespoons all-purpose flour, sifted', '2 large eggs', '1 to 2 quarts vegetable oil, for frying', 'Blender or handheld immersion blender', 'pastry bag fitted with 1/2-inch star tip', 'deep-fat thermometer']",X
25,5784,Yaka Mein,"['1 (8-ounce) package spaghetti', '2 quarts beef stock', '1 teaspoon Cajun Seasoning', '2 cups cooked meat (beef, chicken, pork, shrimp, turtle), finely chopped', '2 tablespoons soy sauce', '3 hard-boiled eggs, peeled and halved lengthwise', '1 bunch green onions, finely chopped']","Cook spaghetti according to package directions. While spaghetti is cooking, bring stock and Cajun Seasoning to a boil in a large pot. Add meat and simmer 5 minutes. Reserving stock, strain meat out. Set meat aside and keep warm. Bring stock back to a boil and stir in soy sauce. Simmer 1 minute.
To assemble, place drained spaghetti in 6 individual bowls. Divide meat and egg halves over spaghetti. Ladle on broth and sprinkle with green onions.",yaka-mein-51142600,"['1 (8-ounce) package spaghetti', '2 quarts beef stock', '1 teaspoon Cajun Seasoning', '2 cups cooked meat (beef, chicken, pork, shrimp, turtle), finely chopped', '2 tablespoons soy sauce', '3 hard-boiled eggs, peeled and halved lengthwise', '1 bunch green onions', 'finely chopped']",Y
26,4480,Za'atar Roast Chicken with Green Tahini Sauce,"['2 garlic cloves, smashed', '1 cup (lightly packed) flat-leaf parsley leaves with tender stems', '1/2 cup tahini', '1/4 cup fresh lemon juice', 'Kosher salt', '1 3 1/2–4-pound chicken, cut into quarters, or 2 large skin-on, bone-in chicken breasts and 2 skin-on, bone-in chicken legs', '2 medium red onions, thinly sliced', '2 garlic cloves, smashed', '1 lemon, thinly sliced, seeds removed', '1 tablespoon sumac', '1 1/2 teaspoons ground allspice', '1 teaspoon ground cinnamon', '1 cup low-sodium chicken broth or water', '1/4 cup olive oil, plus more for drizzling', 'Kosher salt, freshly ground pepper', ""2 tablespoons za'atar"", '2 tablespoons unsalted butter', '1/4 cup pine nuts', '6 pieces lavash or other flatbread', ""Za'atar and sumac are available at Middle Eastern markets and specialty foods stores, and online.""]","Green tahini sauce Pulse garlic, parsley, tahini, lemon juice, and 1/2 cup water in a food processor, adding more water if needed, until smooth (sauce should be the consistency of a thin mayonnaise); season with salt.
Do ahead: Sauce can be made 1 day ahead. Cover and chill.
Chicken and assembly Preheat oven to 400°. Toss chicken, onions, garlic, lemon, sumac, allspice, cinnamon, broth, and 1/4 cup oil in a large resealable plastic bag; season with salt and pepper. Chill at least 2 hours.
Place chicken, onions, garlic, and lemon on a rimmed baking sheet, spooning any remaining marinade over and around chicken. Sprinkle with za'atar and roast until chicken is browned and cooked through, 45–55 minutes.
Meanwhile, melt butter in a small skillet over medium-high heat. Add pine nuts and cook, stirring often, until butter foams, then browns, and nuts are golden brown (be careful not to burn), about 4 minutes; season with salt.
Slice chicken breasts, if desired. Serve chicken with roasted onion and lemon, topped with pine nuts, with green tahini sauce and lavash.
Do ahead: Chicken can be marinated 1 day ahead. Keep chilled.",zaatar-roast-chicken-with-green-tahini-sauce-51241990,"['2 garlic cloves, smashed', '1 cup (lightly packed) flat-leaf parsley leaves with tender stems', '1/2 cup tahini', '1/4 cup fresh lemon juice', 'Kosher salt', '1 3 1/2–4-pound chicken, cut into quarters, or 2 large skin-on, bone-in chicken breasts and 2 skin-on, bone-in chicken legs', '2 medium red onions, thinly sliced', '2 garlic cloves, smashed', '1 lemon, thinly sliced, seeds removed', '1 tablespoon sumac', '1 1/2 teaspoons ground allspice', '1 teaspoon ground cinnamon', '1 cup low-sodium chicken broth or water', '1/4 cup olive oil, plus more for drizzling', 'Kosher salt, freshly ground pepper', '""2 tablespoons zaatar"", 2 tablespoons unsalted butter', '1/4 cup pine nuts', '6 pieces lavash or other flatbread', '""Zaatar and sumac are available at Middle Eastern markets and specialty foods stores', 'and online.""']",Z
27,5738,A Better Granola,"['1 large egg white', '3 cups old-fashioned oats', '1 1/2 cups chopped nuts (such as almonds, pistachios, pecans, or walnuts)', '1 1/2 cups coconut shavings', '1/2 cup agave syrup', '1/4 cup olive oil or warmed coconut oil', '1/4 cup sesame seeds', '2 tablespoons (packed) light brown sugar', '1 1/2 teaspoons kosher salt', '1/2 teaspoons ground cinnamon', '1 cup dried cherries or cranberries', 'Ingredient info: Coconut shavings (chips) are strips of unsweetened coconut and are available at many natural foods stores and some supermarkets.']","Preheat oven to 300°F. Combine 1 large beaten egg white, 3 cups old-fashioned oats, 1 1/2 cups chopped nuts (such as almonds, pistachios, pecans, or walnuts), 1 1/2 cups coconut shavings, 1/2 cup agave syrup, 1/4 cup olive oil or warmed coconut oil, 1/4 cup sesame seeds, 2 tablespoons (packed) light brown sugar, 1 1/2 teaspoons kosher salt, and 1/2 teaspoons ground cinnamon in a large bowl; toss to combine. Spread out on a rimmed baking sheet.
Bake granola, stirring every 10 minutes, until golden brown and dry, 40-45 minutes. Let cool on baking sheet (it will crisp as it cools).
Mix in 1 cup dried cherries or cranberries.
DO AHEAD: Granola can be made 2 weeks ahead. Store airtight at room temperature.",a-better-granola-51143850,"['1 large egg white', '3 cups old-fashioned oats', '1 1/2 cups chopped nuts (such as almonds, pistachios, pecans, or walnuts)', '1 1/2 cups coconut shavings', '1/2 cup agave syrup', '1/4 cup olive oil or warmed coconut oil', '1/4 cup sesame seeds', '2 tablespoons (packed) light brown sugar', '1 1/2 teaspoons kosher salt', '1/2 teaspoons ground cinnamon', '1 cup dried cherries or cranberries', 'Ingredient info: Coconut shavings (chips) are strips of unsweetened coconut and are available at many natural foods stores and some supermarkets.']",A
28,2587,"""Brown on Blonde"" Blondies","['170 grams unsalted butter', '100 grams walnuts', '55 grams pecans', '272 grams all-purpose flour', '6 grams baking powder', '3 grams kosher salt', '55 grams almond butter', '346 grams dark brown sugar', '2 large eggs', '1 large egg yolk', '1 tablespoon vanilla extract']","Crank the oven to 350ºF. Coat the insides of an 8-inch square baking pan with non-stick cooking spray and line with a sling of parchment paper.
Melt the butter in an 8-inch sauté pan over medium heat. When it's done bubbling, add the walnuts and pecans and cook until the nuts are toasted and the butter smells nutty, 5 to 7 minutes.
Meanwhile whisk together the flour, baking powder, and salt in a small bowl.
Place a fine-mesh strainer over a large heatproof bowl and strain the butter away from the nuts. Set both aside to cool for 30 minutes. Then, chop the nuts coarsely and set aside.
While you're waiting, beat the almond butter into the cooled butter, followed by the brown sugar, eggs, egg yolk, and vanilla. Beat until completely smooth, about 1 minute, then stir in the flour mixture. Finish by folding in the nuts and transferring to the prepared pan. The batter will be thick, so I suggest a rubber or silicone spatula.
Bake for 30 to 35 minutes, until the edges are deeply brown and the top is dry and cracked. Remove from the pan and cool on a rack for about 30 minutes. Slice into squares and devour with plenty of frosty almond milk.",blondies,"['170 grams unsalted butter', '100 grams walnuts', '55 grams pecans', '272 grams all-purpose flour', '6 grams baking powder', '3 grams kosher salt', '55 grams almond butter', '346 grams dark brown sugar', '2 large eggs', '1 large egg yolk', '1 tablespoon vanilla extract']",B
29,4276,"""Candy Corn"" Pumpkin Blondies","['1 cup (2 sticks) cold unsalted butter, plus more for the pan', 'One 15-ounce can pure pumpkin', '1/2 cup pure maple syrup', '2 teaspoons pumpkin-pie spice', '2 cups all-purpose flour', '1 teaspoon baking powder', '1/2 teaspoon salt', '1 1/2 cups packed light-brown sugar', '2 large eggs', '2 teaspoons pure vanilla extract', 'One (8-ounce) package cream cheese, softened', ""1/4 cup confectioners' sugar"", '1/4 cup pure maple syrup', '2 tablespoons fresh lemon juice', '1/8 teaspoon salt', 'Orange and yellow food coloring (preferably gel paste) for decorating']","Preheat oven to 350°F. Lightly butter a 9- by 13-inch baking pan, line with parchment paper, and butter again.
In a medium saucepan, cook the pumpkin over medium heat, stirring frequently, until reduced to 1 cup, about 10 minutes. Add the maple syrup and cook, stirring, for 3 minutes. Remove from the heat and stir in the pumpkin pie spice and butter until the butter melts. Transfer mixture to a large bowl. Let stand until room temperature, about 10 minutes.
Meanwhile, in a medium bowl, whisk the flour, baking powder, and salt. Stir the brown sugar into the pumpkin mixture, then stir in the eggs and vanilla until incorporated. Add the flour mixture and stir until smooth. Spread evenly in the prepared pan.
Bake until a tester inserted in the center comes out clean, about 30 minutes. Cool completely in the pan on a wire rack.
Place a large cutting board on top of the pan of blondies. Invert the pan and cutting board together, then lift off the pan and peel off the parchment paper. Cut the blondies into 3 even strips lengthwise, then cut each strip into 10 triangles with approximately 2-inch bases (you will have 1 smaller triangle on each end). Transfer the triangles to a large serving platter, flat bottom sides up.
In a large bowl, beat the cream cheese with an electric mixer on medium-high speed until smooth and fluffy. Add the confectioners' sugar, maple syrup, lemon juice, and salt. Beat on low speed until well-mixed, then raise the speed to medium-high and beat until smooth, scraping down the sides of the bowl occasionally.
Transfer half of the icing to another large bowl and tint with orange. Transfer two thirds of the remaining to another bowl and tint yellow. Divide the orange, yellow, and white icings among 3 piping bags or resealable plastic bags. Snip small holes in the corner of each. Pipe the icings on the blondies in stripes to resemble candy corn: a thin strip of yellow along the wide end, a thick strip of orange in the center, and a small white tip. Let stand until set.",-candy-corn-pumpkin-blondies-51254510,"['1 cup (2 sticks) cold unsalted butter, plus more for the pan', 'One 15-ounce can pure pumpkin', '1/2 cup pure maple syrup', '2 teaspoons pumpkin-pie spice', '2 cups all-purpose flour', '1 teaspoon baking powder', '1/2 teaspoon salt', '1 1/2 cups packed light-brown sugar', '2 large eggs', '2 teaspoons pure vanilla extract', 'One (8-ounce) package cream cheese, softened', '""1/4 cup confectioners sugar"", 1/4 cup pure maple syrup', '2 tablespoons fresh lemon juice', '1/8 teaspoon salt', 'Orange and yellow food coloring (preferably gel paste) for decorating']",C
30,6882,D.I.Y. Ricotta,"['4 cups whole milk', '1 cup cream', '1 1/2 teaspoons kosher salt', '2-3 tablespoons lemon juice']","1. Combine 4 cups whole milk, 1 cup cream, 1 1/2 teaspoons kosher salt, and 2 tablespoons lemon juice in a saucepan and bring just to a boil without stirring. Immediately remove pan from heat.
2. Let mixture stand for 15 minutes at room temperature. As time passes, the curds will begin to separate from the whey. If only a few curds form, your lemons may not be acidic enough; add another 1 tablespoon lemon juice, gently stir so you don't break up the curds too much, and let stand for 5 minutes more.
3. Using a large spoon (not slotted) or measuring cup, spoon curds into a cheeseclothlined sieve set over a large bowl. The longer you drain the ricotta, the denser and more flavorful the cheese will be. Add it to your favorite lasagna, or spread some on toast and drizzle it with honey for breakfast.",d-i-y-ricotta-367133,"['4 cups whole milk', '1 cup cream', '1 1/2 teaspoons kosher salt', '2-3 tablespoons lemon juice']",D